threshold,TP,FP,TN,FN,precision,recall,f1,fpr,specificity,normal_fp,normal_fpr,benign_fp,benign_fpr
0.05,10,7,76,0,0.5882,1.0,0.7407,0.0843,0.9157,0,0.0,7,0.175
0.1,10,5,78,0,0.6667,1.0,0.8,0.0602,0.9398,0,0.0,5,0.125
0.15,10,0,83,0,1.0,1.0,1.0,0.0,1.0,0,0.0,0,0.0
0.2,10,0,83,0,1.0,1.0,1.0,0.0,1.0,0,0.0,0,0.0
0.25,10,0,83,0,1.0,1.0,1.0,0.0,1.0,0,0.0,0,0.0
0.3,10,0,83,0,1.0,1.0,1.0,0.0,1.0,0,0.0,0,0.0
0.35,10,0,83,0,1.0,1.0,1.0,0.0,1.0,0,0.0,0,0.0
0.4,10,0,83,0,1.0,1.0,1.0,0.0,1.0,0,0.0,0,0.0
0.45,10,0,83,0,1.0,1.0,1.0,0.0,1.0,0,0.0,0,0.0
0.5,10,0,83,0,1.0,1.0,1.0,0.0,1.0,0,0.0,0,0.0
0.55,10,0,83,0,1.0,1.0,1.0,0.0,1.0,0,0.0,0,0.0
0.6,10,0,83,0,1.0,1.0,1.0,0.0,1.0,0,0.0,0,0.0
0.65,10,0,83,0,1.0,1.0,1.0,0.0,1.0,0,0.0,0,0.0
0.7,10,0,83,0,1.0,1.0,1.0,0.0,1.0,0,0.0,0,0.0
0.75,10,0,83,0,1.0,1.0,1.0,0.0,1.0,0,0.0,0,0.0
0.8,10,0,83,0,1.0,1.0,1.0,0.0,1.0,0,0.0,0,0.0
0.85,10,0,83,0,1.0,1.0,1.0,0.0,1.0,0,0.0,0,0.0
0.9,10,0,83,0,1.0,1.0,1.0,0.0,1.0,0,0.0,0,0.0
0.95,10,0,83,0,1.0,1.0,1.0,0.0,1.0,0,0.0,0,0.0
